<?xml version="1.0" encoding="UTF-8"?><?xml-stylesheet type='text/xsl' href='_UpgradeReport_Files/UpgradeReport.xslt'?><UpgradeLog>
<Properties><Property Name="Solution" Value="FritzBoxNET">
</Property><Property Name="Projektmappendatei" Value="G:\Documents\Privat\Entwicklung\VB.NET\FritzBoxNET\FritzBoxNET.sln">
</Property><Property Name="Benutzeroptionendatei" Value="G:\Documents\Privat\Entwicklung\VB.NET\FritzBoxNET\FritzBoxNET.suo">
</Property><Property Name="Date" Value="Montag, 4. Mai 2009">
</Property><Property Name="Time" Value="20:59">
</Property></Properties><Event ErrorLevel="0" Project="" Source="FritzBoxNET.sln" Description="Datei wurde erfolgreich als &quot;G:\Documents\Privat\Entwicklung\VB.NET\FritzBoxNET\Backup\FritzBoxNET.sln&quot; gesichert">
</Event><Event ErrorLevel="0" Project="" Source="FritzBoxNET.suo" Description="Datei wurde erfolgreich als &quot;G:\Documents\Privat\Entwicklung\VB.NET\FritzBoxNET\Backup\FritzBoxNET.suo&quot; gesichert">
</Event><Event ErrorLevel="0" Project="FritzBoxNET" Source="FritzBoxNET\FritzBoxNET.vbproj" Description="Projektdatei erfolgreich gesichert als G:\Documents\Privat\Entwicklung\VB.NET\FritzBoxNET\Backup\FritzBoxNET\FritzBoxNET.vbproj">
</Event><Event ErrorLevel="0" Project="FritzBoxNET" Source="FritzBoxNET\FritzBox.AURA.vb" Description="Datei erfolgreich gesichert als G:\Documents\Privat\Entwicklung\VB.NET\FritzBoxNET\Backup\FritzBoxNET\FritzBox.AURA.vb">
</Event><Event ErrorLevel="0" Project="FritzBoxNET" Source="FritzBoxNET\FritzBox.Foncontrol.vb" Description="Datei erfolgreich gesichert als G:\Documents\Privat\Entwicklung\VB.NET\FritzBoxNET\Backup\FritzBoxNET\FritzBox.Foncontrol.vb">
</Event><Event ErrorLevel="0" Project="FritzBoxNET" Source="FritzBoxNET\FritzBox.Internal.vb" Description="Datei erfolgreich gesichert als G:\Documents\Privat\Entwicklung\VB.NET\FritzBoxNET\Backup\FritzBoxNET\FritzBox.Internal.vb">
</Event><Event ErrorLevel="0" Project="FritzBoxNET" Source="FritzBoxNET\FritzBox.FritzMini.vb" Description="Datei erfolgreich gesichert als G:\Documents\Privat\Entwicklung\VB.NET\FritzBoxNET\Backup\FritzBoxNET\FritzBox.FritzMini.vb">
</Event><Event ErrorLevel="0" Project="FritzBoxNET" Source="FritzBoxNET\FritzBox.Phonebook.vb" Description="Datei erfolgreich gesichert als G:\Documents\Privat\Entwicklung\VB.NET\FritzBoxNET\Backup\FritzBoxNET\FritzBox.Phonebook.vb">
</Event><Event ErrorLevel="0" Project="FritzBoxNET" Source="FritzBoxNET\My Project\AssemblyInfo.vb" Description="Datei erfolgreich gesichert als G:\Documents\Privat\Entwicklung\VB.NET\FritzBoxNET\Backup\FritzBoxNET\My Project\AssemblyInfo.vb">
</Event><Event ErrorLevel="0" Project="FritzBoxNET" Source="FritzBoxNET\My Project\Application.Designer.vb" Description="Datei erfolgreich gesichert als G:\Documents\Privat\Entwicklung\VB.NET\FritzBoxNET\Backup\FritzBoxNET\My Project\Application.Designer.vb">
</Event><Event ErrorLevel="0" Project="FritzBoxNET" Source="FritzBoxNET\My Project\Resources.Designer.vb" Description="Datei erfolgreich gesichert als G:\Documents\Privat\Entwicklung\VB.NET\FritzBoxNET\Backup\FritzBoxNET\My Project\Resources.Designer.vb">
</Event><Event ErrorLevel="0" Project="FritzBoxNET" Source="FritzBoxNET\My Project\Settings.Designer.vb" Description="Datei erfolgreich gesichert als G:\Documents\Privat\Entwicklung\VB.NET\FritzBoxNET\Backup\FritzBoxNET\My Project\Settings.Designer.vb">
</Event><Event ErrorLevel="0" Project="FritzBoxNET" Source="FritzBoxNET\My Project\Application.myapp" Description="Datei erfolgreich gesichert als G:\Documents\Privat\Entwicklung\VB.NET\FritzBoxNET\Backup\FritzBoxNET\My Project\Application.myapp">
</Event><Event ErrorLevel="0" Project="FritzBoxNET" Source="FritzBoxNET\My Project\Settings.settings" Description="Datei erfolgreich gesichert als G:\Documents\Privat\Entwicklung\VB.NET\FritzBoxNET\Backup\FritzBoxNET\My Project\Settings.settings">
</Event><Event ErrorLevel="0" Project="FritzBoxNET" Source="FritzBoxNET\My Project\Resources.resx" Description="Datei erfolgreich gesichert als G:\Documents\Privat\Entwicklung\VB.NET\FritzBoxNET\Backup\FritzBoxNET\My Project\Resources.resx">
</Event><Event ErrorLevel="0" Project="FritzBoxNET" Source="FritzBoxNET\FritzBoxNET.vbproj" Description="Projekt erfolgreich konvertiert">
</Event><Event ErrorLevel="3" Project="FritzBoxNET" Source="FritzBoxNET\FritzBoxNET.vbproj" Description="Converted">
</Event><Event ErrorLevel="0" Project="" Source="FritzBoxNET.sln" Description="Die Projektmappe wurde erfolgreich konvertiert.">
</Event><Event ErrorLevel="3" Project="" Source="FritzBoxNET.sln" Description="Converted">
</Event><Event ErrorLevel="0" Project="FritzBoxNET" Source="FritzBoxNET\FritzBoxNET.vbproj" Description="Überprüfung abgeschlossen: Aktualisierung von Projektdateien nicht erforderlich.">
</Event></UpgradeLog>